algo,op,boards,median_of_board_medians_ms,board_min_ms,board_max_ms,between_board_spread_pct
ML-KEM-512,decaps,4,7.35,7.35,7.35,0.0
ML-KEM-512,encaps,4,6.05,6.05,6.05,0.0
ML-KEM-512,keygen,4,5.93,5.93,5.93,0.0
ML-KEM-768,decaps,4,11.60,11.60,11.61,0.0
ML-KEM-768,encaps,4,9.88,9.87,9.88,0.0
ML-KEM-768,keygen,4,8.59,8.59,8.59,0.0
ML-KEM-1024,decaps,4,16.46,16.45,16.46,0.0
ML-KEM-1024,encaps,4,14.37,14.37,14.37,0.0
ML-KEM-1024,keygen,4,13.14,13.13,13.14,0.0
ML-DSA-44,keygen,4,15.38,15.29,15.39,0.6
ML-DSA-44,sign,4,64.21,51.89,87.86,56.0
ML-DSA-44,verify,4,15.97,15.97,15.97,0.0
ML-DSA-65,keygen,4,26.00,26.00,26.00,0.0
ML-DSA-65,sign,4,55.67,37.10,61.12,43.1
ML-DSA-65,verify,4,26.25,26.25,26.25,0.0
X25519,ecdh_compute_shared,4,403.32,402.94,404.72,0.4
X25519,keygen,4,397.68,396.64,398.42,0.4
ECDSA-P256,keygen,4,191.23,191.13,191.41,0.1
ECDSA-P256,sign,4,89.03,88.88,89.07,0.2
ECDSA-P256,verify,4,202.63,202.43,202.75,0.2
