algo,op,n,median_ms,min_ms,p95_ms,max_ms
ML-KEM-512,decaps,46,7.48,7.48,7.49,7.59
ML-KEM-512,encaps,46,6.12,6.11,6.12,6.23
ML-KEM-512,keygen,46,6.04,6.04,6.04,6.15
ML-KEM-768,decaps,46,11.65,11.64,11.76,11.76
ML-KEM-768,encaps,46,9.85,9.85,9.96,9.96
ML-KEM-768,keygen,46,8.66,8.65,8.77,8.77
ML-KEM-1024,decaps,46,17.29,17.28,17.40,17.40
ML-KEM-1024,encaps,46,14.96,14.96,15.07,15.09
ML-KEM-1024,keygen,46,13.59,13.58,13.70,13.71
ML-DSA-44,keygen,46,15.36,15.07,15.54,15.73
ML-DSA-44,sign,46,50.89,24.06,113.44,191.59
ML-DSA-44,verify,46,15.98,15.98,15.98,15.98
ML-DSA-65,keygen,46,26.03,26.02,26.04,26.04
ML-DSA-65,sign,46,73.94,36.95,191.14,217.39
ML-DSA-65,verify,46,26.17,26.17,26.18,26.18
X25519,ecdh_compute_shared,23,404.87,398.88,407.97,408.68
X25519,keygen,23,397.62,396.11,399.44,400.29
ECDSA-P256,keygen,23,200.91,200.59,201.21,201.33
ECDSA-P256,sign,23,91.55,91.09,92.05,92.14
ECDSA-P256,verify,23,212.59,211.62,213.05,213.49
