board_mac,algo,op,n,median_ms,min_ms,max_ms
5c:01:3b:be:a0:10,ML-KEM-512,decaps,5,7.35,7.35,7.45
5c:01:3b:be:a0:10,ML-KEM-512,encaps,5,6.05,6.05,6.15
5c:01:3b:be:a0:10,ML-KEM-512,keygen,5,5.93,5.93,6.04
5c:01:3b:be:a0:10,ML-KEM-768,decaps,5,11.60,11.60,11.71
5c:01:3b:be:a0:10,ML-KEM-768,encaps,5,9.87,9.87,9.98
5c:01:3b:be:a0:10,ML-KEM-768,keygen,5,8.59,8.59,8.70
5c:01:3b:be:a0:10,ML-KEM-1024,decaps,5,16.46,16.45,16.56
5c:01:3b:be:a0:10,ML-KEM-1024,encaps,5,14.37,14.37,14.47
5c:01:3b:be:a0:10,ML-KEM-1024,keygen,5,13.14,13.13,13.24
5c:01:3b:be:a0:10,ML-DSA-44,keygen,5,15.29,15.19,15.48
5c:01:3b:be:a0:10,ML-DSA-44,sign,5,87.86,33.89,115.79
5c:01:3b:be:a0:10,ML-DSA-44,verify,5,15.97,15.97,15.97
5c:01:3b:be:a0:10,ML-DSA-65,keygen,5,26.00,26.00,26.00
5c:01:3b:be:a0:10,ML-DSA-65,sign,5,50.26,37.10,82.79
5c:01:3b:be:a0:10,ML-DSA-65,verify,5,26.25,26.25,26.25
5c:01:3b:be:a0:10,X25519,ecdh_compute_shared,5,403.70,399.60,405.00
5c:01:3b:be:a0:10,X25519,keygen,5,396.64,395.90,398.12
5c:01:3b:be:a0:10,ECDSA-P256,keygen,5,191.25,190.98,191.47
5c:01:3b:be:a0:10,ECDSA-P256,sign,5,89.07,88.95,89.26
5c:01:3b:be:a0:10,ECDSA-P256,verify,5,202.53,201.49,203.49
8c:94:df:58:da:1c,ML-KEM-512,decaps,5,7.35,7.35,7.36
8c:94:df:58:da:1c,ML-KEM-512,encaps,5,6.05,6.05,6.06
8c:94:df:58:da:1c,ML-KEM-512,keygen,5,5.93,5.93,5.93
8c:94:df:58:da:1c,ML-KEM-768,decaps,5,11.60,11.60,11.61
8c:94:df:58:da:1c,ML-KEM-768,encaps,5,9.88,9.88,9.88
8c:94:df:58:da:1c,ML-KEM-768,keygen,5,8.59,8.59,8.59
8c:94:df:58:da:1c,ML-KEM-1024,decaps,5,16.46,16.45,16.46
8c:94:df:58:da:1c,ML-KEM-1024,encaps,5,14.37,14.37,14.37
8c:94:df:58:da:1c,ML-KEM-1024,keygen,5,13.14,13.13,13.14
8c:94:df:58:da:1c,ML-DSA-44,keygen,5,15.39,15.29,15.57
8c:94:df:58:da:1c,ML-DSA-44,sign,5,60.11,24.13,101.23
8c:94:df:58:da:1c,ML-DSA-44,verify,5,15.97,15.97,15.97
8c:94:df:58:da:1c,ML-DSA-65,keygen,5,26.00,26.00,26.00
8c:94:df:58:da:1c,ML-DSA-65,sign,5,37.10,37.10,106.75
8c:94:df:58:da:1c,ML-DSA-65,verify,5,26.25,26.25,26.25
8c:94:df:58:da:1c,X25519,ecdh_compute_shared,5,402.95,401.32,405.13
8c:94:df:58:da:1c,X25519,keygen,5,397.75,396.30,399.49
8c:94:df:58:da:1c,ECDSA-P256,keygen,5,191.13,190.65,191.43
8c:94:df:58:da:1c,ECDSA-P256,sign,5,89.00,88.50,89.14
8c:94:df:58:da:1c,ECDSA-P256,verify,5,202.73,202.09,203.03
a4:f0:0f:77:a2:70,ML-KEM-512,decaps,5,7.35,7.35,7.36
a4:f0:0f:77:a2:70,ML-KEM-512,encaps,5,6.05,6.05,6.06
a4:f0:0f:77:a2:70,ML-KEM-512,keygen,5,5.93,5.93,5.93
a4:f0:0f:77:a2:70,ML-KEM-768,decaps,5,11.61,11.60,11.61
a4:f0:0f:77:a2:70,ML-KEM-768,encaps,5,9.88,9.88,9.88
a4:f0:0f:77:a2:70,ML-KEM-768,keygen,5,8.59,8.59,8.60
a4:f0:0f:77:a2:70,ML-KEM-1024,decaps,5,16.46,16.45,16.56
a4:f0:0f:77:a2:70,ML-KEM-1024,encaps,5,14.37,14.37,14.47
a4:f0:0f:77:a2:70,ML-KEM-1024,keygen,5,13.14,13.14,13.24
a4:f0:0f:77:a2:70,ML-DSA-44,keygen,5,15.38,15.29,15.39
a4:f0:0f:77:a2:70,ML-DSA-44,sign,5,68.31,33.88,117.19
a4:f0:0f:77:a2:70,ML-DSA-44,verify,5,15.97,15.97,15.97
a4:f0:0f:77:a2:70,ML-DSA-65,keygen,5,26.00,26.00,26.00
a4:f0:0f:77:a2:70,ML-DSA-65,sign,5,61.12,37.10,183.43
a4:f0:0f:77:a2:70,ML-DSA-65,verify,5,26.25,26.23,26.25
a4:f0:0f:77:a2:70,X25519,ecdh_compute_shared,5,404.72,400.28,406.29
a4:f0:0f:77:a2:70,X25519,keygen,5,397.60,396.13,398.98
a4:f0:0f:77:a2:70,ECDSA-P256,keygen,5,191.21,190.62,191.56
a4:f0:0f:77:a2:70,ECDSA-P256,sign,5,88.88,88.67,89.29
a4:f0:0f:77:a2:70,ECDSA-P256,verify,5,202.43,202.30,203.33
30:76:f5:05:3e:a0,ML-KEM-512,decaps,5,7.35,7.35,7.36
30:76:f5:05:3e:a0,ML-KEM-512,encaps,5,6.05,6.05,6.06
30:76:f5:05:3e:a0,ML-KEM-512,keygen,5,5.93,5.93,5.93
30:76:f5:05:3e:a0,ML-KEM-768,decaps,5,11.60,11.60,11.61
30:76:f5:05:3e:a0,ML-KEM-768,encaps,5,9.88,9.87,9.88
30:76:f5:05:3e:a0,ML-KEM-768,keygen,5,8.59,8.59,8.59
30:76:f5:05:3e:a0,ML-KEM-1024,decaps,5,16.45,16.45,16.46
30:76:f5:05:3e:a0,ML-KEM-1024,encaps,5,14.37,14.37,14.37
30:76:f5:05:3e:a0,ML-KEM-1024,keygen,5,13.13,13.13,13.14
30:76:f5:05:3e:a0,ML-DSA-44,keygen,5,15.38,15.20,15.57
30:76:f5:05:3e:a0,ML-DSA-44,sign,5,51.89,24.13,76.62
30:76:f5:05:3e:a0,ML-DSA-44,verify,5,15.97,15.97,15.97
30:76:f5:05:3e:a0,ML-DSA-65,keygen,5,26.00,26.00,26.00
30:76:f5:05:3e:a0,ML-DSA-65,sign,5,61.08,47.94,98.20
30:76:f5:05:3e:a0,ML-DSA-65,verify,5,26.25,26.23,26.25
30:76:f5:05:3e:a0,X25519,ecdh_compute_shared,5,402.94,399.23,404.91
30:76:f5:05:3e:a0,X25519,keygen,5,398.42,396.32,398.88
30:76:f5:05:3e:a0,ECDSA-P256,keygen,5,191.41,190.84,191.43
30:76:f5:05:3e:a0,ECDSA-P256,sign,5,89.05,88.82,89.32
30:76:f5:05:3e:a0,ECDSA-P256,verify,5,202.75,202.20,202.81
